<?xml version="1.0"?>


<cache-config xmlns:xsi="http://www.w3.org/2001/XMLSchema-instance"
	xmlns="http://xmlns.oracle.com/coherence/coherence-cache-config"
	xsi:schemaLocation="http://xmlns.oracle.com/coherence/coherence-cache-config coherence-cache-config.xsd">
	<defaults>
		<serializer>pof</serializer>
	</defaults>

	<caching-scheme-mapping>
		<cache-mapping>
			<cache-name>customers</cache-name>
			<scheme-name>MyPartitionedScheme</scheme-name>

		</cache-mapping>

	</caching-scheme-mapping>

	<caching-schemes>
	
		<invocation-scheme>
			<scheme-name>my-invocation-service</scheme-name>
			<service-name>InvocationService</service-name>
			<thread-count>5</thread-count>
			<autostart>true</autostart>
		</invocation-scheme>

		<distributed-scheme>
			<scheme-name>MyPartitionedScheme</scheme-name>
			<service-name>MyPartitionedService</service-name>
			<backing-map-scheme>
				<local-scheme>

					<high-units>64M</high-units>
					<unit-calculator>BINARY</unit-calculator>

				</local-scheme>
			</backing-map-scheme>
		</distributed-scheme>

	</caching-schemes>


</cache-config>