﻿<?xml version="1.0"?>

<!--
| Copyright (c) 2000, 2011, Oracle and/or its affiliates. All rights reserved.
|
| Oracle is a registered trademarks of Oracle Corporation and/or its affiliates.
|
| This software is the confidential and proprietary information of
| Oracle Corporation.  You shall not disclose such confidential and
| proprietary information and shall use it only in accordance with the
| terms of the license agreement you entered into with Oracle.
|
| This notice may not be removed or altered.
-->

<coherence xmlns="http://schemas.tangosol.com/coherence">
  <logging-config>
    <destination>stdout</destination>
    <severity-level>1</severity-level>
    <message-format>{date} &lt;{level}&gt; (thread={thread}): {text}</message-format>
    <character-limit>8192</character-limit>
  </logging-config>
</coherence>
