<?xml version="1.0"?>


<cache-config xmlns:xsi="http://www.w3.org/2001/XMLSchema-instance"
              xmlns="http://xmlns.oracle.com/coherence/coherence-cache-config"
              xsi:schemaLocation="http://xmlns.oracle.com/coherence/coherence-cache-config coherence-cache-config.xsd">
  <defaults>
    <serializer>pof</serializer>
  </defaults>

  <caching-scheme-mapping>
    <cache-mapping>
      <cache-name>customers</cache-name>
      <scheme-name>MyReplicatedScheme</scheme-name>
      
    </cache-mapping>

  </caching-scheme-mapping>

  <caching-schemes>
    
    <replicated-scheme>
      <scheme-name>MyReplicatedScheme</scheme-name>
      <service-name>MyReplicatedService</service-name>
      <backing-map-scheme>
        <local-scheme>
          
          <high-units>10000</high-units>
          <unit-calculator>FIXED</unit-calculator>

        </local-scheme>
      </backing-map-scheme>
    </replicated-scheme>
    

 </caching-schemes>
</cache-config>